bb648mk7250,https://purl.stanford.edu/bb648mk7250,"Bison (Bison bison), adult female, fused central and 4th tarsal, right",su:ANTH_bison_edu_10008_ay,info:fedora/druid:fv454nq4574,3D Objects for Anthropology and Archaeology,Krish Seetah Bones Collection,item,3d,2,Accessioned,world,5,5,5,271 MB,284566312,
bc769sr4504,https://purl.stanford.edu/bc769sr4504,Anonymous_Dyn19_chapel,sup:Anonymous_Dyn19_chapel,info:fedora/druid:sr199zw3981,Constructing the Sacred Media,Constructing the Sacred Archive,item,3d,7,Accessioned,world,11,11,11,2.01 MB,2108997,
bf418ns2590,https://purl.stanford.edu/bf418ns2590,"Goat (Capra hircus), subadult female, metacarpal",su:ANTH_goat_edu_10006_h,info:fedora/druid:fv454nq4574,3D Objects for Anthropology and Archaeology,Krish Seetah Bones Collection,item,3d,5,Accessioned,world,7,7,7,39.3 MB,41221534,
bg387kw8222,https://purl.stanford.edu/bg387kw8222,"Department of Anthropology Bone Collection; Domestic dog, female, jaw. #26776. Oct. 18, 2002. Accn.5888",su:ANTH_bone_dog_f_26776_b,info:fedora/druid:fv454nq4574,3D Objects for Anthropology and Archaeology,"Bone Collection; Department of Anthropology, Stanford University",item,3d,7,Accessioned,world,6,6,6,170 MB,178025514,
bh598jp0897,https://purl.stanford.edu/bh598jp0897,Tomb S3120,sup:3120,info:fedora/druid:sr199zw3981,Constructing the Sacred Media,Constructing the Sacred Archive,item,3d,7,Accessioned,world,5,5,5,469 KB,480662,
bj213zn9030,https://purl.stanford.edu/bj213zn9030,Djedefre_Pyramid,sup:Djedefre_Pyramid,info:fedora/druid:sr199zw3981,Constructing the Sacred Media,Constructing the Sacred Archive,item,3d,7,Accessioned,world,6,6,6,926 KB,948660,
bk914zc7842,https://purl.stanford.edu/bk914zc7842,Figurine,su:SUAC_56.79,info:fedora/druid:vg063qt4414,SUAC - in copyright 3D,Stanford University Archaeology Collections,item,3d,6,Accessioned,world,5,5,5,125 MB,130812835,
bq561ww8633,https://purl.stanford.edu/bq561ww8633,Mastabat el-Faraâ€™un,sup:Shepseskaf_Mastaba,info:fedora/druid:sr199zw3981,Constructing the Sacred Media,Constructing the Sacred Archive,item,3d,8,Accessioned,world,7,6,7,1000 KB,1025923,
bq657qb7394,https://purl.stanford.edu/bq657qb7394,Painted flower cup,su:ACLQ_Rutherford_104b,info:fedora/druid:fv454nq4574,3D Objects for Anthropology and Archaeology,,item,3d,3,Accessioned,world,5,5,5,144 MB,150786340,
br036rj4142,https://purl.stanford.edu/br036rj4142,Tomb of Tia and Tia,sup:Tia_Tia,info:fedora/druid:sr199zw3981,Constructing the Sacred Media,Constructing the Sacred Archive,item,3d,10,Accessioned,world,29,29,29,3.54 MB,3715860,
bv565dh9829,https://purl.stanford.edu/bv565dh9829,"Bison (Bison bison), adult female, ulnar carpal (cuneiform) right",su:ANTH_bison_edu_10008_cn,info:fedora/druid:fv454nq4574,3D Objects for Anthropology and Archaeology,Krish Seetah Bones Collection,item,3d,2,Accessioned,world,5,2,5,224 MB,235281830,
bv789rb1599,https://purl.stanford.edu/bv789rb1599,"Bison (Bison bison), adult female, patella right",su:ANTH_bison_edu_10008_aw,info:fedora/druid:fv454nq4574,3D Objects for Anthropology and Archaeology,Krish Seetah Bones Collection,item,3d,2,Accessioned,world,5,2,5,268 MB,281414447,
bw651vn9138,https://purl.stanford.edu/bw651vn9138,Department of Anthropology Bone Collection; Frog skeleton,su:ANTH_bone_frog,info:fedora/druid:fv454nq4574,3D Objects for Anthropology and Archaeology,"Bone Collection; Department of Anthropology, Stanford University",item,3d,4,Accessioned,world,6,6,6,119 MB,124449528,
bx879sy7048,https://purl.stanford.edu/bx879sy7048,"Bison (Bison bison), adult female, sacrum with lumbar vertebrae 1-5",su:ANTH_bison_edu_10008_j,info:fedora/druid:fv454nq4574,3D Objects for Anthropology and Archaeology,Krish Seetah Bones Collection,item,3d,2,Accessioned,world,5,2,5,461 MB,482931699,
by862pj9929,https://purl.stanford.edu/by862pj9929,Lepsius 24 (XXIV),sup:LepsiusXXIV,info:fedora/druid:sr199zw3981,Constructing the Sacred Media,Constructing the Sacred Archive,item,3d,6,Accessioned,world,5,4,5,495 KB,507106,
bz486jh7791,https://purl.stanford.edu/bz486jh7791,Pyramid of Raneferef,sup:Raneferef_pyramid,info:fedora/druid:sr199zw3981,Constructing the Sacred Media,Constructing the Sacred Archive,item,3d,6,Accessioned,world,6,4,6,2.7 MB,2833720,
cb462jn0451,https://purl.stanford.edu/cb462jn0451,ST 217,sup:Huynefer_Nebnefer_ST217,info:fedora/druid:sr199zw3981,Constructing the Sacred Media,Constructing the Sacred Archive,item,3d,6,Accessioned,world,10,4,10,3.63 MB,3808237,
cb820zq2353,https://purl.stanford.edu/cb820zq2353,Tomb 3036,sup:3036,info:fedora/druid:sr199zw3981,Constructing the Sacred Media,Constructing the Sacred Archive,item,3d,6,Accessioned,world,5,5,5,1020 KB,1043578,
cd243fq7589,https://purl.stanford.edu/cd243fq7589,"Bison (Bison bison), adult female, 6th cervical vertebra",su:ANTH_bison_edu_10008_r,info:fedora/druid:fv454nq4574,3D Objects for Anthropology and Archaeology,Krish Seetah Bones Collection,item,3d,2,Accessioned,world,5,2,5,664 MB,696734210,
cg796qs4136,https://purl.stanford.edu/cg796qs4136,Reiss & Brady CRESCA Pickle Fork,su:ACLQ_2019_0001,info:fedora/druid:fv454nq4574,3D Objects for Anthropology and Archaeology,,item,3d,3,Accessioned,world,5,5,5,29.2 MB,30570400,
cm433fr7636,https://purl.stanford.edu/cm433fr7636,Yellow Ware Bowl base,su:ACLQ_2017_0003,info:fedora/druid:fv454nq4574,3D Objects for Anthropology and Archaeology,,item,3d,3,Accessioned,world,5,5,5,146 MB,152981953,
cn362nj0131,https://purl.stanford.edu/cn362nj0131,"Bison (Bison bison), adult female, fused 2nd and 3rd tarsal right",su:ANTH_bison_edu_10008_cr,info:fedora/druid:fv454nq4574,3D Objects for Anthropology and Archaeology,Krish Seetah Bones Collection,item,3d,2,Accessioned,world,5,2,5,204 MB,213420663,
cr303yt7341,https://purl.stanford.edu/cr303yt7341,Painted flower cup,su:ACLQ_Rutherford_104a,info:fedora/druid:fv454nq4574,3D Objects for Anthropology and Archaeology,,item,3d,3,Accessioned,world,5,5,5,94.5 MB,99134844,
cv208mv5449,https://purl.stanford.edu/cv208mv5449,"Bison (Bison bison), adult female, pisiform, right",su:ANTH_bison_edu_10008_ct,info:fedora/druid:fv454nq4574,3D Objects for Anthropology and Archaeology,Krish Seetah Bones Collection,item,3d,2,Accessioned,world,5,2,5,230 MB,240776238,
cw938gj8666,https://purl.stanford.edu/cw938gj8666,Pyramid of Sekhemkhet,sup:Sekhemkhet_Pyramid,info:fedora/druid:sr199zw3981,Constructing the Sacred Media,Constructing the Sacred Archive,item,3d,6,Accessioned,world,6,4,6,1.01 MB,1055821,
cy849sz3750,https://purl.stanford.edu/cy849sz3750,brown pot base,su:ACLQ_Rutherford_123,info:fedora/druid:fv454nq4574,3D Objects for Anthropology and Archaeology,,item,3d,3,Accessioned,world,5,5,5,116 MB,121488070,
db634kw5872,https://purl.stanford.edu/db634kw5872,Pyramid of Aba/Ibi,sup:Aba_Pyramid,info:fedora/druid:sr199zw3981,Constructing the Sacred Media,Constructing the Sacred Archive,item,3d,6,Accessioned,world,6,3,6,1.94 MB,2031767,
dd880jq2694,https://purl.stanford.edu/dd880jq2694,Tomb of Mes (Tomb 5 of Loret),sup:Mes,info:fedora/druid:sr199zw3981,Constructing the Sacred Media,Constructing the Sacred Archive,item,3d,6,Accessioned,world,8,4,8,1.07 MB,1116849,
df781kq7003,https://purl.stanford.edu/df781kq7003,Mastaba X,sup:TombX,info:fedora/druid:sr199zw3981,Constructing the Sacred Media,Constructing the Sacred Archive,item,3d,7,Accessioned,world,5,5,5,454 KB,464979,
dm208nm0076,https://purl.stanford.edu/dm208nm0076,Tomb S3357,sup:3357,info:fedora/druid:sr199zw3981,Constructing the Sacred Media,Constructing the Sacred Archive,item,3d,6,Accessioned,world,5,5,5,1010 KB,1034036,
dm339rp1187,https://purl.stanford.edu/dm339rp1187,"Northern Animal Necropolis, Phase I",sup:SAN,info:fedora/druid:sr199zw3981,Constructing the Sacred Media,Constructing the Sacred Archive,item,3d,6,Accessioned,world,10,5,10,1.07 MB,1122135,
dm602jp0246,https://purl.stanford.edu/dm602jp0246,"Bison (Bison bison), adult female, 2nd thoracic vertebra",su:ANTH_bison_edu_10008_ar,info:fedora/druid:fv454nq4574,3D Objects for Anthropology and Archaeology,Krish Seetah Bones Collection,item,3d,2,Accessioned,world,5,2,5,57.2 MB,59984583,
dr116ws6940,https://purl.stanford.edu/dr116ws6940,Tomb of Iniuia,sup:Iniuia,info:fedora/druid:sr199zw3981,Constructing the Sacred Media,Constructing the Sacred Archive,item,3d,6,Accessioned,world,11,4,11,1.91 MB,2007934,
dr870cq6274,https://purl.stanford.edu/dr870cq6274,"Bison (Bison bison), adult female, right astragalus",su:ANTH_bison_edu_10008_ag,info:fedora/druid:fv454nq4574,3D Objects for Anthropology and Archaeology,Krish Seetah Bones Collection,item,3d,2,Accessioned,world,5,2,5,232 MB,243246598,
dv768zd1070,https://purl.stanford.edu/dv768zd1070,"Bison (Bison bison), adult female, calcaneous left",su:ANTH_bison_edu_10008_bb,info:fedora/druid:fv454nq4574,3D Objects for Anthropology and Archaeology,Krish Seetah Bones Collection,item,3d,2,Accessioned,world,5,2,5,102 MB,106748416,
dv883qy0113,https://purl.stanford.edu/dv883qy0113,Tomb of Amenemone (Tomb 2 of Loret),sup:Amenemone_18,info:fedora/druid:sr199zw3981,Constructing the Sacred Media,Constructing the Sacred Archive,item,3d,6,Accessioned,world,12,5,12,2.75 MB,2886427,
ff463xs3007,https://purl.stanford.edu/ff463xs3007,"Bison (Bison bison), adult female, right  metatarsal",su:ANTH_bison_edu_10008_ai,info:fedora/druid:fv454nq4574,3D Objects for Anthropology and Archaeology,Krish Seetah Bones Collection,item,3d,2,Accessioned,world,5,2,5,133 MB,139780821,
fg001cn4471,https://purl.stanford.edu/fg001cn4471,"Bison (Bison bison), adult female, 1st phalanx left (1)",su:ANTH_bison_edu_10008_bj,info:fedora/druid:fv454nq4574,3D Objects for Anthropology and Archaeology,Krish Seetah Bones Collection,item,3d,2,Accessioned,world,5,2,5,169 MB,177563265,
fg223vh9256,https://purl.stanford.edu/fg223vh9256,Pyramid of Neferirkare,sup:Neferirkare_Pyramid,info:fedora/druid:sr199zw3981,Constructing the Sacred Media,Constructing the Sacred Archive,item,3d,6,Accessioned,world,6,4,6,828 KB,848312,
fh129xw6834,https://purl.stanford.edu/fh129xw6834,Tomb of Pay and Raia,sup:Pay_Raia,info:fedora/druid:sr199zw3981,Constructing the Sacred Media,Constructing the Sacred Archive,item,3d,6,Accessioned,world,11,4,11,3.08 MB,3231020,
fp375qc0402,https://purl.stanford.edu/fp375qc0402,ST 218,sup:Nebnefer_Mahu_ST218,info:fedora/druid:sr199zw3981,Constructing the Sacred Media,Constructing the Sacred Archive,item,3d,6,Accessioned,world,12,4,12,2.75 MB,2878877,
fp424mn4339,https://purl.stanford.edu/fp424mn4339,Pyramid of Sahure,sup:Sahure_Pyramid,info:fedora/druid:sr199zw3981,Constructing the Sacred Media,Constructing the Sacred Archive,item,3d,6,Accessioned,world,5,4,5,910 KB,931536,
fr683ct6617,https://purl.stanford.edu/fr683ct6617,Tasahur (ST 5),sup:Tasahur_ST5,info:fedora/druid:sr199zw3981,Constructing the Sacred Media,Constructing the Sacred Archive,item,3d,6,Accessioned,world,10,4,10,3.14 MB,3294301,
fs401bh4975,https://purl.stanford.edu/fs401bh4975,Neferirkare_Pyramid_unfinished,sup:Neferirkare_Pyramid_unfinished,info:fedora/druid:sr199zw3981,Constructing the Sacred Media,Constructing the Sacred Archive,item,3d,7,Accessioned,world,6,3,6,813 KB,832724,
fs892sr8080,https://purl.stanford.edu/fs892sr8080,Sledge (vehicle),su:SUAC_sledge_15108B,info:fedora/druid:bt759px9146,SUAC - public domain,Stanford University Archaeology Collections,item,3d,5,Accessioned,world,6,6,6,80.7 MB,84659013,
ft701dx6850,https://purl.stanford.edu/ft701dx6850,"Bison (Bison bison), adult female, 1st phalanx right (4)",su:ANTH_bison_edu_10008_bo,info:fedora/druid:fv454nq4574,3D Objects for Anthropology and Archaeology,Krish Seetah Bones Collection,item,3d,2,Accessioned,world,5,2,5,806 MB,845527907,
fv513pq5632,https://purl.stanford.edu/fv513pq5632,Handaxe,su:SUAC_20007,info:fedora/druid:bt759px9146,SUAC - public domain,Stanford University Archaeology Collections,item,3d,5,Accessioned,world,5,5,5,202 MB,211790370,
fw014fw1906,https://purl.stanford.edu/fw014fw1906,White cup with blue marks,su:ACLQ_Rutherford_89,info:fedora/druid:fv454nq4574,3D Objects for Anthropology and Archaeology,,item,3d,3,Accessioned,world,5,5,5,324 MB,339295032,
fx993tk1331,https://purl.stanford.edu/fx993tk1331,"Sheep (Ovis aries), male, proximal phalynx",su:ANTH_sheep_edu_10005_n,info:fedora/druid:fv454nq4574,3D Objects for Anthropology and Archaeology,Krish Seetah Bones Collection,item,3d,4,Accessioned,world,6,6,6,39.7 MB,41676731,
fy012tz8909,https://purl.stanford.edu/fy012tz8909,Tomb of Meryneith/Meryre,sup:Meryneith,info:fedora/druid:sr199zw3981,Constructing the Sacred Media,Constructing the Sacred Archive,item,3d,6,Accessioned,world,11,3,11,5.21 MB,5466749,
fy476vq1851,https://purl.stanford.edu/fy476vq1851,"Bison (Bison bison), adult female, hyoid right",su:ANTH_bison_edu_10008_be,info:fedora/druid:fv454nq4574,3D Objects for Anthropology and Archaeology,Krish Seetah Bones Collection,item,3d,2,Accessioned,world,5,2,5,50.5 MB,52963724,
fz538gz4611,https://purl.stanford.edu/fz538gz4611,Bowl,su:SUAC_98.1080,info:fedora/druid:vg063qt4414,SUAC - in copyright 3D,Stanford University Archaeology Collections,item,3d,6,Accessioned,world,4,4,4,243 MB,255028677,
gb839fn5988,https://purl.stanford.edu/gb839fn5988,"Bison (Bison bison), adult female, fused 2nd and 3rd carpal left",su:ANTH_bison_edu_10008_co,info:fedora/druid:fv454nq4574,3D Objects for Anthropology and Archaeology,Krish Seetah Bones Collection,item,3d,2,Accessioned,world,5,2,5,211 MB,220741766,
gc627zs9572,https://purl.stanford.edu/gc627zs9572,Tomb S2185,sup:2185,info:fedora/druid:sr199zw3981,Constructing the Sacred Media,Constructing the Sacred Archive,item,3d,6,Accessioned,world,5,5,5,1.06 MB,1109216,
gd998jf5196,https://purl.stanford.edu/gd998jf5196,Tomb of Huy,sup:Huy,info:fedora/druid:sr199zw3981,Constructing the Sacred Media,Constructing the Sacred Archive,item,3d,6,Accessioned,world,7,4,7,970 KB,993629,
gh476br1936,https://purl.stanford.edu/gh476br1936,"Bison (Bison bison), adult female, 4th thoracic vertebra",su:ANTH_bison_edu_10008_at,info:fedora/druid:fv454nq4574,3D Objects for Anthropology and Archaeology,Krish Seetah Bones Collection,item,3d,2,Accessioned,world,5,2,5,65.6 MB,68766734,
gh843fn1238,https://purl.stanford.edu/gh843fn1238,"Sheep (Ovis aries), male, axis",su:ANTH_sheep_edu_10005_f,info:fedora/druid:fv454nq4574,3D Objects for Anthropology and Archaeology,Krish Seetah Bones Collection,item,3d,4,Accessioned,world,6,6,6,55.2 MB,57899242,
gj544ff0340,https://purl.stanford.edu/gj544ff0340,"Bison (Bison bison), adult female, hyoid left",su:ANTH_bison_edu_10008_bf,info:fedora/druid:fv454nq4574,3D Objects for Anthropology and Archaeology,Krish Seetah Bones Collection,item,3d,2,Accessioned,world,5,2,5,50.2 MB,52671115,
gj625fv8226,https://purl.stanford.edu/gj625fv8226,"Bison (Bison bison), adult female, 3rd phalanx left (1)",su:ANTH_bison_edu_10008_by,info:fedora/druid:fv454nq4574,3D Objects for Anthropology and Archaeology,Krish Seetah Bones Collection,item,3d,2,Accessioned,world,5,2,5,134 MB,140528338,
gk103xv2891,https://purl.stanford.edu/gk103xv2891,"Bison (Bison bison), adult female, fused 2nd and 3rd tarsal left",su:ANTH_bison_edu_10008_cq,info:fedora/druid:fv454nq4574,3D Objects for Anthropology and Archaeology,Krish Seetah Bones Collection,item,3d,2,Accessioned,world,5,2,5,229 MB,239676193,
gm831kt7951,https://purl.stanford.edu/gm831kt7951,Tomb 3505,sup:3505_texturesremoved,info:fedora/druid:sr199zw3981,Constructing the Sacred Media,Constructing the Sacred Archive,item,3d,7,Accessioned,world,7,7,7,1.53 MB,1600594,
gn093sk1321,https://purl.stanford.edu/gn093sk1321,"Sheep (Ovis aries), male, sternum",su:ANTH_sheep_edu_10005_c,info:fedora/druid:fv454nq4574,3D Objects for Anthropology and Archaeology,Krish Seetah Bones Collection,item,3d,4,Accessioned,world,6,6,6,168 MB,176651418,
gp287hq1825,https://purl.stanford.edu/gp287hq1825,Flake,su:SUAC_84_1165B,info:fedora/druid:bt759px9146,SUAC - public domain,Stanford University Archaeology Collections,item,3d,5,Accessioned,world,5,5,5,30.2 MB,31675577,
gp531gm9518,https://purl.stanford.edu/gp531gm9518,Lepsius 25 (XXV),sup:Lepsius_XXV,info:fedora/druid:sr199zw3981,Constructing the Sacred Media,Constructing the Sacred Archive,item,3d,6,Accessioned,world,5,4,5,888 KB,909634,
gp661nf6951,https://purl.stanford.edu/gp661nf6951,"Goat (Capra hircus), subadult female, thoracic vertebra",su:ANTH_goat_edu_10006_m,info:fedora/druid:fv454nq4574,3D Objects for Anthropology and Archaeology,Krish Seetah Bones Collection,item,3d,4,Accessioned,world,6,6,6,91.6 MB,96054934,
gq885gy2089,https://purl.stanford.edu/gq885gy2089,Tomb of Ptahemwia,sup:Ptahemwia,info:fedora/druid:sr199zw3981,Constructing the Sacred Media,Constructing the Sacred Archive,item,3d,6,Accessioned,world,10,5,10,6.07 MB,6368610,
gs741gk1630,https://purl.stanford.edu/gs741gk1630,"Bison (Bison bison), adult female, 1st phalanx left (4)",su:ANTH_bison_edu_10008_bp,info:fedora/druid:fv454nq4574,3D Objects for Anthropology and Archaeology,Krish Seetah Bones Collection,item,3d,2,Accessioned,world,5,2,5,176 MB,184456184,
gv529yj1525,https://purl.stanford.edu/gv529yj1525,"Goat (Capra hircus), subadult female, right femur",su:ANTH_goat_edu_10006_d,info:fedora/druid:fv454nq4574,3D Objects for Anthropology and Archaeology,Krish Seetah Bones Collection,item,3d,4,Accessioned,world,6,6,6,145 MB,151650720,
gx451rw9825,https://purl.stanford.edu/gx451rw9825,Pyramid of Niuserre,sup:Niuserre_Pyramid,info:fedora/druid:sr199zw3981,Constructing the Sacred Media,Constructing the Sacred Archive,item,3d,6,Accessioned,world,5,4,5,891 KB,912767,
gy179rx5004,https://purl.stanford.edu/gy179rx5004,Pyramid of Pepy II,sup:Pepy2_Pyramid,info:fedora/druid:sr199zw3981,Constructing the Sacred Media,Constructing the Sacred Archive,item,3d,6,Accessioned,world,13,4,13,2.4 MB,2518585,
gy394dw7564,https://purl.stanford.edu/gy394dw7564,Pestle,su:SUAC_pestle_15121A,info:fedora/druid:bt759px9146,SUAC - public domain,Stanford University Archaeology Collections,item,3d,5,Accessioned,world,5,5,5,44.9 MB,47092353,
hc778fk0923,https://purl.stanford.edu/hc778fk0923,"Bison (Bison bison), adult female, radial carpal left",su:ANTH_bison_edu_10008_cj,info:fedora/druid:fv454nq4574,3D Objects for Anthropology and Archaeology,Krish Seetah Bones Collection,item,3d,2,Accessioned,world,5,2,5,284 MB,297344105,
hc941fm6529,https://purl.stanford.edu/hc941fm6529,"Sheep (Ovis aries), male, cervical vertabra",su:ANTH_sheep_edu_10005_g,info:fedora/druid:fv454nq4574,3D Objects for Anthropology and Archaeology,Krish Seetah Bones Collection,item,3d,5,Accessioned,world,3,3,3,8.07 MB,8457923,
hg050wq7397,https://purl.stanford.edu/hg050wq7397,"Bison (Bison bison), adult female, 3rd phalanx right (1)",su:ANTH_bison_edu_10008_bx,info:fedora/druid:fv454nq4574,3D Objects for Anthropology and Archaeology,Krish Seetah Bones Collection,item,3d,2,Accessioned,world,5,2,5,181 MB,189674628,
hj991jh6685,https://purl.stanford.edu/hj991jh6685,"Bison (Bison bison), adult female, 3rd phalanx left (2)",su:ANTH_bison_edu_10008_bz,info:fedora/druid:fv454nq4574,3D Objects for Anthropology and Archaeology,Krish Seetah Bones Collection,item,3d,2,Accessioned,world,5,2,5,166 MB,173863316,
hr218sf6047,https://purl.stanford.edu/hr218sf6047,"Bison (Bison bison), adult female, left  metacarpal",su:ANTH_bison_edu_10008_af,info:fedora/druid:fv454nq4574,3D Objects for Anthropology and Archaeology,Krish Seetah Bones Collection,item,3d,2,Accessioned,world,5,2,5,391 MB,410241740,
hs903fr5133,https://purl.stanford.edu/hs903fr5133,"Goat (Capra hircus), subadult female, left innominate",su:ANTH_goat_edu_10006_f,info:fedora/druid:fv454nq4574,3D Objects for Anthropology and Archaeology,Krish Seetah Bones Collection,item,3d,4,Accessioned,world,6,6,6,145 MB,151761461,
hy334cs7866,https://purl.stanford.edu/hy334cs7866,Pin,su:SUAC_pin_17244,info:fedora/druid:bt759px9146,SUAC - public domain,Stanford University Archaeology Collections,item,3d,6,Accessioned,world,5,5,5,46.6 MB,48885915,
jc957dh9590,https://purl.stanford.edu/jc957dh9590,Biface,su:SUAC_20107,info:fedora/druid:bt759px9146,SUAC - public domain,Stanford University Archaeology Collections,item,3d,4,Accessioned,world,5,5,5,29.8 MB,31276971,
jd673mb9779,https://purl.stanford.edu/jd673mb9779,"Bison (Bison bison), adult female, 3rd thoracic vertebra",su:ANTH_bison_edu_10008_as,info:fedora/druid:fv454nq4574,3D Objects for Anthropology and Archaeology,Krish Seetah Bones Collection,item,3d,2,Accessioned,world,5,2,5,69.1 MB,72445569,
jn921xz9734,https://purl.stanford.edu/jn921xz9734,"Bison (Bison bison), adult female, 2nd phalanx left (1)",su:ANTH_bison_edu_10008_br,info:fedora/druid:fv454nq4574,3D Objects for Anthropology and Archaeology,Krish Seetah Bones Collection,item,3d,2,Accessioned,world,5,2,5,240 MB,251747318,
jq460qf3815,https://purl.stanford.edu/jq460qf3815,"Northern Animal Necropolis, Phase II",sup:SAN2,info:fedora/druid:sr199zw3981,Constructing the Sacred Media,Constructing the Sacred Archive,item,3d,6,Accessioned,world,12,7,12,1.62 MB,1697484,
jv249mm9025,https://purl.stanford.edu/jv249mm9025,Pestle,su:SUAC_pestle_15118A,info:fedora/druid:bt759px9146,SUAC - public domain,Stanford University Archaeology Collections,item,3d,5,Accessioned,world,5,5,5,278 MB,291860919,
jz878nt9855,https://purl.stanford.edu/jz878nt9855,"Bison (Bison bison), adult female, 1st phalanx right (3)",su:ANTH_bison_edu_10008_bm,info:fedora/druid:fv454nq4574,3D Objects for Anthropology and Archaeology,Krish Seetah Bones Collection,item,3d,2,Accessioned,world,5,2,5,201 MB,210509118,
kf302ss8294,https://purl.stanford.edu/kf302ss8294,"Goat (Capra hircus), subadult female, left radius-ulna",su:ANTH_goat_edu_10006_c,info:fedora/druid:fv454nq4574,3D Objects for Anthropology and Archaeology,Krish Seetah Bones Collection,item,3d,4,Accessioned,world,6,6,6,145 MB,151813394,
kf476dc4756,https://purl.stanford.edu/kf476dc4756,Tomb of Sethnakht,sup:Sethnakht,info:fedora/druid:sr199zw3981,Constructing the Sacred Media,Constructing the Sacred Archive,item,3d,6,Accessioned,world,15,9,15,3.44 MB,3604417,
kf581ht2806,https://purl.stanford.edu/kf581ht2806,Point,su:SUAC_84_1176,info:fedora/druid:bt759px9146,SUAC - public domain,Stanford University Archaeology Collections,item,3d,6,Accessioned,world,5,5,5,346 MB,362481924,
kg307fp4586,https://purl.stanford.edu/kg307fp4586,Sun Temple of Niuserre,sup:SolarTemple_Niuserre,info:fedora/druid:sr199zw3981,Constructing the Sacred Media,Constructing the Sacred Archive,item,3d,6,Accessioned,world,8,4,8,1.31 MB,1372959,
kj088cq8114,https://purl.stanford.edu/kj088cq8114,Unfinished Pyramid,sup:Unfinished_SSaqqara,info:fedora/druid:sr199zw3981,Constructing the Sacred Media,Constructing the Sacred Archive,item,3d,7,Accessioned,world,19,5,19,2.46 MB,2580830,
kn073qt9437,https://purl.stanford.edu/kn073qt9437,"Department of Anthropology Bone Collection; Domestic dog, female, #26776. Oct. 18, 2002. Accn.5888",su:ANTH_bone_dog_f_26776_a,info:fedora/druid:fv454nq4574,3D Objects for Anthropology and Archaeology,"Bone Collection; Department of Anthropology, Stanford University",item,3d,4,Accessioned,world,6,6,6,146 MB,153293371,
kq657zj9511,https://purl.stanford.edu/kq657zj9511,Johnson Bros makers mark on Ironstone Plate Base,su:ACLQ_2017_0004,info:fedora/druid:fv454nq4574,3D Objects for Anthropology and Archaeology,,item,3d,3,Accessioned,world,5,5,5,150 MB,157573700,
ks726fc9274,https://purl.stanford.edu/ks726fc9274,"Bison (Bison bison), adult female, right femur",su:ANTH_bison_edu_10008_am,info:fedora/druid:fv454nq4574,3D Objects for Anthropology and Archaeology,Krish Seetah Bones Collection,item,3d,2,Accessioned,world,5,2,5,358 MB,375390932,
ky499ss0856,https://purl.stanford.edu/ky499ss0856,Tomb 6 (of Loret),sup:NK_Chapel,info:fedora/druid:sr199zw3981,Constructing the Sacred Media,Constructing the Sacred Archive,item,3d,6,Accessioned,world,11,5,11,2.21 MB,2315036,
ky899rv1161,https://purl.stanford.edu/ky899rv1161,Projectile Point,su:SUAC_6441,info:fedora/druid:bt759px9146,SUAC - public domain,Stanford University Archaeology Collections,item,3d,6,Accessioned,world,5,5,5,29.6 MB,31082670,
mb707vv3140,https://purl.stanford.edu/mb707vv3140,Blade,su:SUAC_20234,info:fedora/druid:bt759px9146,SUAC - public domain,Stanford University Archaeology Collections,item,3d,5,Accessioned,world,5,5,5,146 MB,153024456,
md049mq5771,https://purl.stanford.edu/md049mq5771,Knife,su:SUAC_21861,info:fedora/druid:bt759px9146,SUAC - public domain,Stanford University Archaeology Collections,item,3d,6,Accessioned,world,5,5,5,126 MB,132541464,
md288vv1620,https://purl.stanford.edu/md288vv1620,"Goat (Capra hircus), subadult female, left talus",su:ANTH_goat_edu_10006_j,info:fedora/druid:fv454nq4574,3D Objects for Anthropology and Archaeology,Krish Seetah Bones Collection,item,3d,4,Accessioned,world,6,6,6,40.8 MB,42780921,
md951pn1286,https://purl.stanford.edu/md951pn1286,Winter Green Base with Mark,su:ACLQ_2017_0002,info:fedora/druid:fv454nq4574,3D Objects for Anthropology and Archaeology,,item,3d,3,Accessioned,world,5,5,5,136 MB,142787017,
mh988zc9617,https://purl.stanford.edu/mh988zc9617,"Bison (Bison bison), adult female, calcaneous right",su:ANTH_bison_edu_10008_ba,info:fedora/druid:fv454nq4574,3D Objects for Anthropology and Archaeology,Krish Seetah Bones Collection,item,3d,2,Accessioned,world,5,2,5,129 MB,135724542,
mk127sp5001,https://purl.stanford.edu/mk127sp5001,"Bison (Bison bison), adult female, right humerus",su:ANTH_bison_edu_10008_al,info:fedora/druid:fv454nq4574,3D Objects for Anthropology and Archaeology,Krish Seetah Bones Collection,item,3d,2,Accessioned,world,5,2,5,441 MB,462932451,
mn487tz4248,https://purl.stanford.edu/mn487tz4248,Tomb S3471,sup:3471,info:fedora/druid:sr199zw3981,Constructing the Sacred Media,Constructing the Sacred Archive,item,3d,6,Accessioned,world,5,5,5,1.01 MB,1054329,
mq023mf0755,https://purl.stanford.edu/mq023mf0755,Vessel,su:SUAC_vessel_15106,info:fedora/druid:bt759px9146,SUAC - public domain,Stanford University Archaeology Collections,item,3d,6,Accessioned,world,5,5,5,107 MB,112202390,
mq259kx7520,https://purl.stanford.edu/mq259kx7520,Pyramid of Unas; Causeway and Valley Temple of Unas,sup:Unas_Pyramid,info:fedora/druid:sr199zw3981,Constructing the Sacred Media,Constructing the Sacred Archive,item,3d,6,Accessioned,world,16,4,16,12.8 MB,13398659,
ms675tb5307,https://purl.stanford.edu/ms675tb5307,Axehead,su:SUAC_axehead_6628,info:fedora/druid:bt759px9146,SUAC - public domain,Stanford University Archaeology Collections,item,3d,6,Accessioned,world,5,5,5,105 MB,109893097,
mw292ss2632,https://purl.stanford.edu/mw292ss2632,"Bison (Bison bison), adult female, right tibia",su:ANTH_bison_edu_10008_c,info:fedora/druid:fv454nq4574,3D Objects for Anthropology and Archaeology,Krish Seetah Bones Collection,item,3d,2,Accessioned,world,5,2,5,83.1 MB,87184896,
mw615rz5164,https://purl.stanford.edu/mw615rz5164,"Bison (Bison bison), adult female, 1st thoracic vertebra",su:ANTH_bison_edu_10008_aq,info:fedora/druid:fv454nq4574,3D Objects for Anthropology and Archaeology,Krish Seetah Bones Collection,item,3d,2,Accessioned,world,5,2,5,64.5 MB,67658547,
mx430xn4711,https://purl.stanford.edu/mx430xn4711,Mastaba of Hetep,sup:Hetep,info:fedora/druid:sr199zw3981,Constructing the Sacred Media,Constructing the Sacred Archive,item,3d,6,Accessioned,world,7,4,7,1020 KB,1046125,
mz758dy2852,https://purl.stanford.edu/mz758dy2852,"Bison (Bison bison), adult female, 5th cervical vertebra",su:ANTH_bison_edu_10008_q,info:fedora/druid:fv454nq4574,3D Objects for Anthropology and Archaeology,Krish Seetah Bones Collection,item,3d,2,Accessioned,world,5,2,5,256 MB,268324476,
nf738cz3269,https://purl.stanford.edu/nf738cz3269,Tomb S3038,sup:3038,info:fedora/druid:sr199zw3981,Constructing the Sacred Media,Constructing the Sacred Archive,item,3d,6,Accessioned,world,5,5,5,829 KB,848797,
nf877xr5093,https://purl.stanford.edu/nf877xr5093,Tomb S3503,sup:3503,info:fedora/druid:sr199zw3981,Constructing the Sacred Media,Constructing the Sacred Archive,item,3d,6,Accessioned,world,5,5,5,1.19 MB,1251167,
ng589kj1631,https://purl.stanford.edu/ng589kj1631,Suner (ST 201),sup:Suner_ST201,info:fedora/druid:sr199zw3981,Constructing the Sacred Media,Constructing the Sacred Archive,item,3d,6,Accessioned,world,8,4,8,2.07 MB,2173993,
nh759wf7557,https://purl.stanford.edu/nh759wf7557,Bubastieion,sup:Bubastieion,info:fedora/druid:sr199zw3981,Constructing the Sacred Media,Constructing the Sacred Archive,item,3d,6,Accessioned,world,5,4,5,648 KB,663550,
nk140zc8640,https://purl.stanford.edu/nk140zc8640,"Cuneiform tablet, 2056 B.C",sul:MSS_CODEX_M0539_BB,info:fedora/druid:ww057vk7675,Stanford University Libraries - Special Collections,,item,3d,3,Accessioned,world,5,5,5,86.6 MB,90774496,
nn053ws6731,https://purl.stanford.edu/nn053ws6731,Tomb of Ramose,sup:Ramose,info:fedora/druid:sr199zw3981,Constructing the Sacred Media,Constructing the Sacred Archive,item,3d,6,Accessioned,world,18,5,18,3.11 MB,3260945,
ns679gq7006,https://purl.stanford.edu/ns679gq7006,Biface,su:SUAC_20113,info:fedora/druid:bt759px9146,SUAC - public domain,Stanford University Archaeology Collections,item,3d,5,Accessioned,world,5,5,5,369 MB,386780897,
nw354tz2610,https://purl.stanford.edu/nw354tz2610,Pyramid of Merenre,sup:Merenre_Pyramid,info:fedora/druid:sr199zw3981,Constructing the Sacred Media,Constructing the Sacred Archive,item,3d,6,Accessioned,world,5,4,5,854 KB,874542,
nw755yq1720,https://purl.stanford.edu/nw755yq1720,"Bison (Bison bison), adult female, 3rd phalanx left (4)",su:ANTH_bison_edu_10008_cd,info:fedora/druid:fv454nq4574,3D Objects for Anthropology and Archaeology,Krish Seetah Bones Collection,item,3d,2,Accessioned,world,5,2,5,170 MB,178339984,
ny408fm4755,https://purl.stanford.edu/ny408fm4755,"Bison (Bison bison), adult female, left radius with ulna",su:ANTH_bison_edu_10008_ak,info:fedora/druid:fv454nq4574,3D Objects for Anthropology and Archaeology,Krish Seetah Bones Collection,item,3d,2,Accessioned,world,5,2,5,90.9 MB,95359258,
pb735ch0310,https://purl.stanford.edu/pb735ch0310,Sun Temple of Userkaf,sup:Solartemple_Userkaf,info:fedora/druid:sr199zw3981,Constructing the Sacred Media,Constructing the Sacred Archive,item,3d,6,Accessioned,world,7,4,7,4.09 MB,4284676,
ph947dp2143,https://purl.stanford.edu/ph947dp2143,Tomb of Ipuia,sup:Ipuia,info:fedora/druid:sr199zw3981,Constructing the Sacred Media,Constructing the Sacred Archive,item,3d,6,Accessioned,world,9,5,9,2.11 MB,2217444,
ph973nw9178,https://purl.stanford.edu/ph973nw9178,"Bison (Bison bison), adult female, 11th thoracic vertebra",su:ANTH_bison_edu_10008_y,info:fedora/druid:fv454nq4574,3D Objects for Anthropology and Archaeology,Krish Seetah Bones Collection,item,3d,2,Accessioned,world,5,2,5,420 MB,439934526,
pj436zf4183,https://purl.stanford.edu/pj436zf4183,"Bison (Bison bison), adult female, pisiform, left",su:ANTH_bison_edu_10008_cs,info:fedora/druid:fv454nq4574,3D Objects for Anthropology and Archaeology,Krish Seetah Bones Collection,item,3d,2,Accessioned,world,5,2,5,271 MB,283872751,
pm239sq3981,https://purl.stanford.edu/pm239sq3981,Pyramids of Queen Khuit and Queen Iput,sup:Khuit_Iput,info:fedora/druid:sr199zw3981,Constructing the Sacred Media,Constructing the Sacred Archive,item,3d,6,Accessioned,world,5,4,5,447 KB,457974,
pp425dx1139,https://purl.stanford.edu/pp425dx1139,Layered Stone Structure,sup:Layered_NW,info:fedora/druid:sr199zw3981,Constructing the Sacred Media,Constructing the Sacred Archive,item,3d,7,Accessioned,world,5,4,5,641 KB,656592,
pr756nc2659,https://purl.stanford.edu/pr756nc2659,"Goat (Capra hircus), subadult female,  left scapula",su:ANTH_goat_edu_10006_a,info:fedora/druid:fv454nq4574,3D Objects for Anthropology and Archaeology,Krish Seetah Bones Collection,item,3d,4,Accessioned,world,6,6,6,97.3 MB,101978456,
qb122dq4313,https://purl.stanford.edu/qb122dq4313,Biface,su:SUAC_20115,info:fedora/druid:bt759px9146,SUAC - public domain,Stanford University Archaeology Collections,item,3d,4,Accessioned,world,5,5,5,125 MB,131530552,
qf794pv6287,https://purl.stanford.edu/qf794pv6287,Sarcophagus,su:SUAC_T2017.7.2,info:fedora/druid:bt759px9146,SUAC - public domain,Stanford University Archaeology Collections,item,3d,8,Accessioned,world,5,5,5,118 MB,124062682,
qf815hr1731,https://purl.stanford.edu/qf815hr1731,Pyramid Complex of Djoser,sup:Djoser,info:fedora/druid:sr199zw3981,Constructing the Sacred Media,Constructing the Sacred Archive,item,3d,7,Accessioned,world,6,6,6,2.68 MB,2814016,
qg423xw3887,https://purl.stanford.edu/qg423xw3887,Pestle,su:SUAC_pestle_6835,info:fedora/druid:bt759px9146,SUAC - public domain,Stanford University Archaeology Collections,item,3d,6,Accessioned,world,5,5,5,45.5 MB,47673086,
qh825ht6999,https://purl.stanford.edu/qh825ht6999,Cleaver,su:SUAC_84_1163,info:fedora/druid:bt759px9146,SUAC - public domain,Stanford University Archaeology Collections,item,3d,6,Accessioned,world,5,5,5,30.4 MB,31899280,
qh885xg8432,https://purl.stanford.edu/qh885xg8432,Mortar,su:SUAC_mortar_15118,info:fedora/druid:bt759px9146,SUAC - public domain,Stanford University Archaeology Collections,item,3d,5,Accessioned,world,5,5,5,108 MB,113167901,
qj562dz8381,https://purl.stanford.edu/qj562dz8381,"Bison (Bison bison), adult female, fused 2nd and 3rd carpal right",su:ANTH_bison_edu_10008_cp,info:fedora/druid:fv454nq4574,3D Objects for Anthropology and Archaeology,Krish Seetah Bones Collection,item,3d,2,Accessioned,world,5,2,5,286 MB,299680930,
qk017hq8503,https://purl.stanford.edu/qk017hq8503,"Bison (Bison bison), adult female, sternum 2 and 3",su:ANTH_bison_edu_10008_cg,info:fedora/druid:fv454nq4574,3D Objects for Anthropology and Archaeology,Krish Seetah Bones Collection,item,3d,2,Accessioned,world,5,2,5,213 MB,223537367,
qm594mp7429,https://purl.stanford.edu/qm594mp7429,Tomb of Paser,sup:Paser,info:fedora/druid:sr199zw3981,Constructing the Sacred Media,Constructing the Sacred Archive,item,3d,6,Accessioned,world,12,4,12,5.67 MB,5949263,
qm662nb1071,https://purl.stanford.edu/qm662nb1071,Blade,su:SUAC_20238,info:fedora/druid:bt759px9146,SUAC - public domain,Stanford University Archaeology Collections,item,3d,5,Accessioned,world,5,5,5,134 MB,140458190,
qm940pb1476,https://purl.stanford.edu/qm940pb1476,"Zebra (Equus grevyi), male, radial carpal",su:ANTH_zebra_edu_10003_m,info:fedora/druid:fv454nq4574,3D Objects for Anthropology and Archaeology,Krish Seetah Bones Collection,item,3d,4,Accessioned,world,6,6,6,75.1 MB,78713616,
qn292kb7966,https://purl.stanford.edu/qn292kb7966,Core,su:SUAC_84_1165A,info:fedora/druid:bt759px9146,SUAC - public domain,Stanford University Archaeology Collections,item,3d,5,Accessioned,world,5,5,5,66.9 MB,70099754,
qn887tw0682,https://purl.stanford.edu/qn887tw0682,Tomb 3507,sup:3507,info:fedora/druid:sr199zw3981,Constructing the Sacred Media,Constructing the Sacred Archive,item,3d,6,Accessioned,world,9,4,9,2.82 MB,2955056,
qp612jh4242,https://purl.stanford.edu/qp612jh4242,Chopper,su:SUAC_84_1159,info:fedora/druid:bt759px9146,SUAC - public domain,Stanford University Archaeology Collections,item,3d,6,Accessioned,world,5,5,5,29.8 MB,31272723,
qp699gg7657,https://purl.stanford.edu/qp699gg7657,Tomb 3111,sup:3111,info:fedora/druid:sr199zw3981,Constructing the Sacred Media,Constructing the Sacred Archive,item,3d,6,Accessioned,world,5,5,5,872 KB,892720,
qp726hr4059,https://purl.stanford.edu/qp726hr4059,"Tjaydjedenef Ramessunakht (ST 211), ST 220, and ST 219",sup:ST219_220_211,info:fedora/druid:sr199zw3981,Constructing the Sacred Media,Constructing the Sacred Archive,item,3d,6,Accessioned,world,16,4,16,4.41 MB,4624914,
qt635cj5288,https://purl.stanford.edu/qt635cj5288,Pipe (smoking),su:SUAC_pipe_8857,info:fedora/druid:bt759px9146,SUAC - public domain,Stanford University Archaeology Collections,item,3d,6,Accessioned,world,5,5,5,104 MB,109359467,
qw575rm2321,https://purl.stanford.edu/qw575rm2321,Mask,su:SUAC_98.1085,info:fedora/druid:vg063qt4414,SUAC - in copyright 3D,Stanford University Archaeology Collections,item,3d,9,Accessioned,world,5,5,5,1.03 GB,1102208291,
qx652hz9095,https://purl.stanford.edu/qx652hz9095,"Goat (Capra hircus), subadult female, lumbar vertebra",su:ANTH_goat_edu_10006_n,info:fedora/druid:fv454nq4574,3D Objects for Anthropology and Archaeology,Krish Seetah Bones Collection,item,3d,4,Accessioned,world,6,6,6,145 MB,151587698,
rd118jw9745,https://purl.stanford.edu/rd118jw9745,Pyramid of Queen Sesheshet?,sup:Sesheshet,info:fedora/druid:sr199zw3981,Constructing the Sacred Media,Constructing the Sacred Archive,item,3d,6,Accessioned,world,5,4,5,579 KB,592763,
rd869cn1741,https://purl.stanford.edu/rd869cn1741,Tomb S3121,sup:3121,info:fedora/druid:sr199zw3981,Constructing the Sacred Media,Constructing the Sacred Archive,item,3d,6,Accessioned,world,5,5,5,471 KB,481860,
rj811bj9781,https://purl.stanford.edu/rj811bj9781,Tomb 3035,sup:3035,info:fedora/druid:sr199zw3981,Constructing the Sacred Media,Constructing the Sacred Archive,item,3d,6,Accessioned,world,5,5,5,2.81 MB,2944963,
rj971jy4809,https://purl.stanford.edu/rj971jy4809,"Bison (Bison bison), adult female, radial carpal right",su:ANTH_bison_edu_10008_ci,info:fedora/druid:fv454nq4574,3D Objects for Anthropology and Archaeology,Krish Seetah Bones Collection,item,3d,2,Accessioned,world,5,2,5,208 MB,218617650,
rk512bw6430,https://purl.stanford.edu/rk512bw6430,Tomb S3338,sup:3338,info:fedora/druid:sr199zw3981,Constructing the Sacred Media,Constructing the Sacred Archive,item,3d,6,Accessioned,world,5,5,5,450 KB,461277,
rk715bv9776,https://purl.stanford.edu/rk715bv9776,Tomb Chapel of Isisnofret,sup:Isisnofret,info:fedora/druid:sr199zw3981,Constructing the Sacred Media,Constructing the Sacred Archive,item,3d,6,Accessioned,world,14,5,14,3.23 MB,3387502,
rm026yf9836,https://purl.stanford.edu/rm026yf9836,"Department of Anthropology Bone Collection; Bison, female, #1217. Oct. 31, 1916",su:ANTH_bone_bison_f_1217,info:fedora/druid:fv454nq4574,3D Objects for Anthropology and Archaeology,"Bone Collection; Department of Anthropology, Stanford University",item,3d,4,Accessioned,world,6,6,6,145 MB,151728400,
rm700mt9314,https://purl.stanford.edu/rm700mt9314,"Zebra (Equus grevyi), male, patella",su:ANTH_zebra_edu_10003_j,info:fedora/druid:fv454nq4574,3D Objects for Anthropology and Archaeology,Krish Seetah Bones Collection,item,3d,4,Accessioned,world,6,6,6,168 MB,176556448,
rv911vk1409,https://purl.stanford.edu/rv911vk1409,Tomb of Neferrenpet,sup:Neferrenpet,info:fedora/druid:sr199zw3981,Constructing the Sacred Media,Constructing the Sacred Archive,item,3d,6,Accessioned,world,9,4,9,2.94 MB,3087092,
rw033nd3096,https://purl.stanford.edu/rw033nd3096,"Zebra (Equus grevyi), male, proximal phalynx",su:ANTH_zebra_edu_10003_p,info:fedora/druid:fv454nq4574,3D Objects for Anthropology and Archaeology,Krish Seetah Bones Collection,item,3d,4,Accessioned,world,6,6,6,144 MB,151110626,
rz910jd5224,https://purl.stanford.edu/rz910jd5224,"Bison (Bison bison), adult female, right radius with ulna",su:ANTH_bison_edu_10008_e,info:fedora/druid:fv454nq4574,3D Objects for Anthropology and Archaeology,Krish Seetah Bones Collection,item,3d,2,Accessioned,world,5,2,5,336 MB,351890714,
sc369tk2119,https://purl.stanford.edu/sc369tk2119,"Bison (Bison bison), adult female, 3rd phalanx right (3)",su:ANTH_bison_edu_10008_ca,info:fedora/druid:fv454nq4574,3D Objects for Anthropology and Archaeology,Krish Seetah Bones Collection,item,3d,2,Accessioned,world,5,2,5,175 MB,183645115,
sd183rk4852,https://purl.stanford.edu/sd183rk4852,Gisr el-Mudir,sup:Gisr_Enclosure,info:fedora/druid:sr199zw3981,Constructing the Sacred Media,Constructing the Sacred Archive,item,3d,7,Accessioned,world,6,4,6,698 KB,714723,
sj957jc8666,https://purl.stanford.edu/sj957jc8666,"Sheep (Ovis aries), male, pelvis and sacrum",su:ANTH_sheep_edu_10005_a,info:fedora/druid:fv454nq4574,3D Objects for Anthropology and Archaeology,Krish Seetah Bones Collection,item,3d,6,Accessioned,world,6,6,6,145 MB,152014284,
sm928qx5057,https://purl.stanford.edu/sm928qx5057,Tomb S3500,sup:3500,info:fedora/druid:sr199zw3981,Constructing the Sacred Media,Constructing the Sacred Archive,item,3d,6,Accessioned,world,5,5,5,594 KB,608415,
ss176hs0646,https://purl.stanford.edu/ss176hs0646,Djehutiemheb (ST 6),sup:Djehutiemheb_ST6,info:fedora/druid:sr199zw3981,Constructing the Sacred Media,Constructing the Sacred Archive,item,3d,6,Accessioned,world,7,4,7,1.35 MB,1412109,
ss734hk3890,https://purl.stanford.edu/ss734hk3890,Worked metal,su:SUAC_14082,info:fedora/druid:bt759px9146,SUAC - public domain,Stanford University Archaeology Collections,item,3d,7,Accessioned,world,5,5,5,115 MB,120095834,
st408ty9689,https://purl.stanford.edu/st408ty9689,Painted flower cup,su:ACLQ_Rutherford_105a,info:fedora/druid:fv454nq4574,3D Objects for Anthropology and Archaeology,,item,3d,3,Accessioned,world,5,5,5,81.8 MB,85786761,
sw977gx8309,https://purl.stanford.edu/sw977gx8309,"Bison (Bison bison), adult female, 7th thoracic vertebra",su:ANTH_bison_edu_10008_u,info:fedora/druid:fv454nq4574,3D Objects for Anthropology and Archaeology,Krish Seetah Bones Collection,item,3d,2,Accessioned,world,5,2,5,259 MB,271593416,
sx048rk6876,https://purl.stanford.edu/sx048rk6876,Tomb 3506,sup:3506,info:fedora/druid:sr199zw3981,Constructing the Sacred Media,Constructing the Sacred Archive,item,3d,6,Accessioned,world,5,5,5,1.86 MB,1955070,
sy403qx2007,https://purl.stanford.edu/sy403qx2007,"Bison (Bison bison), adult female, 9th and 10th thoracic vertebra",su:ANTH_bison_edu_10008_x,info:fedora/druid:fv454nq4574,3D Objects for Anthropology and Archaeology,Krish Seetah Bones Collection,item,3d,2,Accessioned,world,5,2,5,124 MB,129796085,
sz320st8645,https://purl.stanford.edu/sz320st8645,"Bison (Bison bison), adult female, 1st phalanx right (1)",su:ANTH_bison_edu_10008_bi,info:fedora/druid:fv454nq4574,3D Objects for Anthropology and Archaeology,Krish Seetah Bones Collection,item,3d,2,Accessioned,world,5,2,5,173 MB,181289012,
sz524fd9637,https://purl.stanford.edu/sz524fd9637,Tomb of Raia,sup:Ra_ia,info:fedora/druid:sr199zw3981,Constructing the Sacred Media,Constructing the Sacred Archive,item,3d,6,Accessioned,world,12,5,12,4.83 MB,5066671,
tc651mq4077,https://purl.stanford.edu/tc651mq4077,Pyramid of Teti,sup:Teti_Pyramid,info:fedora/druid:sr199zw3981,Constructing the Sacred Media,Constructing the Sacred Archive,item,3d,6,Accessioned,world,10,4,10,4.88 MB,5119782,
td360qc0402,https://purl.stanford.edu/td360qc0402,"Sheep (Ovis aries), male, left rib",su:ANTH_sheep_edu_10005_h,info:fedora/druid:fv454nq4574,3D Objects for Anthropology and Archaeology,Krish Seetah Bones Collection,item,3d,2,Accessioned,world,4,2,4,8.47 MB,8882509,
td843qf1684,https://purl.stanford.edu/td843qf1684,"Bison (Bison bison), adult female, 4th carpal left",su:ANTH_bison_edu_10008_cu,info:fedora/druid:fv454nq4574,3D Objects for Anthropology and Archaeology,Krish Seetah Bones Collection,item,3d,2,Accessioned,world,5,2,5,256 MB,268365571,
tf586ns7950,https://purl.stanford.edu/tf586ns7950,Tomb of Ninetjer v1,sup:Ninetjer_v1,info:fedora/druid:sr199zw3981,Constructing the Sacred Media,Constructing the Sacred Archive,item,3d,6,Accessioned,world,6,5,6,673 KB,688776,
tk277mq1250,https://purl.stanford.edu/tk277mq1250,Serapeum,sup:Serapeum_Chapels,info:fedora/druid:sr199zw3981,Constructing the Sacred Media,Constructing the Sacred Archive,item,3d,6,Accessioned,world,7,4,7,721 KB,738526,
tp478gj5926,https://purl.stanford.edu/tp478gj5926,"Bison (Bison bison), adult female, 3rd cervical vertebra",su:ANTH_bison_edu_10008_o,info:fedora/druid:fv454nq4574,3D Objects for Anthropology and Archaeology,Krish Seetah Bones Collection,item,3d,2,Accessioned,world,5,2,5,1.04 GB,1121519646,
tq409ft5082,https://purl.stanford.edu/tq409ft5082,"Goat (Capra hircus), subadult female, left humerus",su:ANTH_goat_edu_10006_b,info:fedora/druid:fv454nq4574,3D Objects for Anthropology and Archaeology,Krish Seetah Bones Collection,item,3d,4,Accessioned,world,6,6,6,144 MB,151278594,
ts310pg5119,https://purl.stanford.edu/ts310pg5119,"Bison (Bison bison), adult female, left femur",su:ANTH_bison_edu_10008_an,info:fedora/druid:fv454nq4574,3D Objects for Anthropology and Archaeology,Krish Seetah Bones Collection,item,3d,2,Accessioned,world,5,2,5,359 MB,376959685,
ts535rp5202,https://purl.stanford.edu/ts535rp5202,"Goat (Capra hircus), subadult female, atlas",su:ANTH_goat_edu_10006_k,info:fedora/druid:fv454nq4574,3D Objects for Anthropology and Archaeology,Krish Seetah Bones Collection,item,3d,4,Accessioned,world,6,6,6,144 MB,151414491,
tt604mf3291,https://purl.stanford.edu/tt604mf3291,Tomb of Horemheb,sup:Horemheb,info:fedora/druid:sr199zw3981,Constructing the Sacred Media,Constructing the Sacred Archive,item,3d,6,Accessioned,world,19,4,19,14.1 MB,14738569,
tx013nz3057,https://purl.stanford.edu/tx013nz3057,"Goat (Capra hircus), subadult female, left calcaneus",su:ANTH_goat_edu_10006_i,info:fedora/druid:fv454nq4574,3D Objects for Anthropology and Archaeology,Krish Seetah Bones Collection,item,3d,2,Accessioned,world,4,2,4,11.9 MB,12486720,
tx237xp2328,https://purl.stanford.edu/tx237xp2328,Royal Resthouse,sup:Rest House,info:fedora/druid:sr199zw3981,Constructing the Sacred Media,Constructing the Sacred Archive,item,3d,6,Accessioned,world,6,6,6,1.63 MB,1710171,
vb935fy0397,https://purl.stanford.edu/vb935fy0397,Core,su:SUAC_20002,info:fedora/druid:bt759px9146,SUAC - public domain,Stanford University Archaeology Collections,item,3d,5,Accessioned,world,5,5,5,1.31 GB,1405289481,
vc175bm3525,https://purl.stanford.edu/vc175bm3525,LP_enclosure,sup:LP_enclosure,info:fedora/druid:sr199zw3981,Constructing the Sacred Media,Constructing the Sacred Archive,item,3d,6,Accessioned,world,5,4,5,531 KB,543866,
vd006wj1862,https://purl.stanford.edu/vd006wj1862,"Bison (Bison bison), adult female, 3rd right rib",su:ANTH_bison_edu_10008_da,info:fedora/druid:fv454nq4574,3D Objects for Anthropology and Archaeology,Krish Seetah Bones Collection,item,3d,2,Accessioned,world,5,2,5,40.2 MB,42137502,
vg134yk1706,https://purl.stanford.edu/vg134yk1706,Tomb of Maya,sup:Maya_Meryt,info:fedora/druid:sr199zw3981,Constructing the Sacred Media,Constructing the Sacred Archive,item,3d,6,Accessioned,world,9,4,9,8.14 MB,8530410,
vg285jj7523,https://purl.stanford.edu/vg285jj7523,Painted flower cup,su:ACLQ_Rutherford_105b,info:fedora/druid:fv454nq4574,3D Objects for Anthropology and Archaeology,,item,3d,3,Accessioned,world,5,5,5,103 MB,107526908,
vg484kd1345,https://purl.stanford.edu/vg484kd1345,Core,su:SUAC_20067,info:fedora/druid:bt759px9146,SUAC - public domain,Stanford University Archaeology Collections,item,3d,5,Accessioned,world,5,5,5,243 MB,255055837,
vm529bf2069,https://purl.stanford.edu/vm529bf2069,"Bison (Bison bison), adult female, patella left",su:ANTH_bison_edu_10008_bg,info:fedora/druid:fv454nq4574,3D Objects for Anthropology and Archaeology,Krish Seetah Bones Collection,item,3d,2,Accessioned,world,5,2,5,251 MB,263278095,
vn872jz6566,https://purl.stanford.edu/vn872jz6566,"Bison (Bison bison), adult female, 2nd phalanx left (3)",su:ANTH_bison_edu_10008_bu,info:fedora/druid:fv454nq4574,3D Objects for Anthropology and Archaeology,Krish Seetah Bones Collection,item,3d,2,Accessioned,world,5,2,5,268 MB,280672797,
vp007xq8903,https://purl.stanford.edu/vp007xq8903,"Bison (Bison bison), adult female, 4th cervical vertebra",su:ANTH_bison_edu_10008_p,info:fedora/druid:fv454nq4574,3D Objects for Anthropology and Archaeology,Krish Seetah Bones Collection,item,3d,2,Accessioned,world,5,2,5,933 MB,978518109,
vr827yw0318,https://purl.stanford.edu/vr827yw0318,Pyramid of Userkaf,sup:Userkaf_Pyramid,info:fedora/druid:sr199zw3981,Constructing the Sacred Media,Constructing the Sacred Archive,item,3d,6,Accessioned,world,11,4,11,7.58 MB,7953286,
vr966cz0421,https://purl.stanford.edu/vr966cz0421,"Goat (Capra hircus), subadult female, metatarsal",su:ANTH_goat_edu_10006_g,info:fedora/druid:fv454nq4574,3D Objects for Anthropology and Archaeology,Krish Seetah Bones Collection,item,3d,4,Accessioned,world,6,6,6,40.7 MB,42695233,
vv759ck2588,https://purl.stanford.edu/vv759ck2588,Tomb of Hetepsekhemwy v2,sup:Hetepsekhemwy_v2,info:fedora/druid:sr199zw3981,Constructing the Sacred Media,Constructing the Sacred Archive,item,3d,6,Accessioned,world,7,5,7,1.05 MB,1099428,
vx075nh7672,https://purl.stanford.edu/vx075nh7672,Tomb of Ry,sup:Anonymous_Dyn18,info:fedora/druid:sr199zw3981,Constructing the Sacred Media,Constructing the Sacred Archive,item,3d,6,Accessioned,world,10,5,10,1.84 MB,1925777,
vx600rw8369,https://purl.stanford.edu/vx600rw8369,"Goat (Capra hircus), subadult female, left tibia",su:ANTH_goat_edu_10006_e,info:fedora/druid:fv454nq4574,3D Objects for Anthropology and Archaeology,Krish Seetah Bones Collection,item,3d,4,Accessioned,world,6,6,6,90.7 MB,95074736,
vy595ft3039,https://purl.stanford.edu/vy595ft3039,Blade,su:SUAC_20233,info:fedora/druid:bt759px9146,SUAC - public domain,Stanford University Archaeology Collections,item,3d,5,Accessioned,world,6,6,6,38.2 MB,40075857,
vz190tc8109,https://purl.stanford.edu/vz190tc8109,"Goat (Capra hircus), subadult female, cervical vertebra",su:ANTH_goat_edu_10006_o,info:fedora/druid:fv454nq4574,3D Objects for Anthropology and Archaeology,Krish Seetah Bones Collection,item,3d,4,Accessioned,world,6,6,6,43.7 MB,45774646,
wc871pn3116,https://purl.stanford.edu/wc871pn3116,"Bison (Bison bison), adult female, 1st phalanx right (2)",su:ANTH_bison_edu_10008_bk,info:fedora/druid:fv454nq4574,3D Objects for Anthropology and Archaeology,Krish Seetah Bones Collection,item,3d,2,Accessioned,world,5,2,5,196 MB,205003236,
wd708wv8825,https://purl.stanford.edu/wd708wv8825,"Bison (Bison bison), adult female, 2nd phalanx right (1)",su:ANTH_bison_edu_10008_bq,info:fedora/druid:fv454nq4574,3D Objects for Anthropology and Archaeology,Krish Seetah Bones Collection,item,3d,2,Accessioned,world,5,2,5,185 MB,194122422,
wg973mm1940,https://purl.stanford.edu/wg973mm1940,"Bison (Bison bison), adult female, sternum 4",su:ANTH_bison_edu_10008_ch,info:fedora/druid:fv454nq4574,3D Objects for Anthropology and Archaeology,Krish Seetah Bones Collection,item,3d,2,Accessioned,world,5,2,5,282 MB,295927182,
wh684jn4721,https://purl.stanford.edu/wh684jn4721,"Bison (Bison bison), adult female, subfibulare, right",su:ANTH_bison_edu_10008_cx,info:fedora/druid:fv454nq4574,3D Objects for Anthropology and Archaeology,Krish Seetah Bones Collection,item,3d,2,Accessioned,world,5,2,5,218 MB,228877170,
wh862fh2928,https://purl.stanford.edu/wh862fh2928,Whiteware teacup,su:ACLQ_2017_0001,info:fedora/druid:fv454nq4574,3D Objects for Anthropology and Archaeology,,item,3d,3,Accessioned,world,5,5,5,170 MB,177863738,
wk546rz6817,https://purl.stanford.edu/wk546rz6817,Pyramid of Queen Khentkaus,sup:Khentkaus_pyramid,info:fedora/druid:sr199zw3981,Constructing the Sacred Media,Constructing the Sacred Archive,item,3d,6,Accessioned,world,6,4,6,3.22 MB,3375571,
wn835cv2664,https://purl.stanford.edu/wn835cv2664,Ladle,su:SUAC_98.1079,info:fedora/druid:vg063qt4414,SUAC - in copyright 3D,Stanford University Archaeology Collections,item,3d,6,Accessioned,world,5,5,5,316 MB,331263234,
ws547gd7691,https://purl.stanford.edu/ws547gd7691,"Bison (Bison bison), adult female, 2nd phalanx left (2)",su:ANTH_bison_edu_10008_bs,info:fedora/druid:fv454nq4574,3D Objects for Anthropology and Archaeology,Krish Seetah Bones Collection,item,3d,2,Accessioned,world,5,2,5,263 MB,275953917,
ww412tk9007,https://purl.stanford.edu/ww412tk9007,Miniature Mortar,su:SUAC_mortar_6791,info:fedora/druid:bt759px9146,SUAC - public domain,Stanford University Archaeology Collections,item,3d,6,Accessioned,world,5,5,5,66.6 MB,69795503,
ww800zv2683,https://purl.stanford.edu/ww800zv2683,"Bison (Bison bison), adult female, 12th, 13th, and 14th thoracic vertebra",su:ANTH_bison_edu_10008_z,info:fedora/druid:fv454nq4574,3D Objects for Anthropology and Archaeology,Krish Seetah Bones Collection,item,3d,2,Accessioned,world,5,2,5,696 MB,729340608,
wz888ss8000,https://purl.stanford.edu/wz888ss8000,Handaxe,su:SUAC_84_1162,info:fedora/druid:bt759px9146,SUAC - public domain,Stanford University Archaeology Collections,item,3d,6,Accessioned,world,6,6,6,73.4 MB,76958717,
xb704wp8518,https://purl.stanford.edu/xb704wp8518,"Bison (Bison bison), adult female, pelvis",su:ANTH_bison_edu_10008_d,info:fedora/druid:fv454nq4574,3D Objects for Anthropology and Archaeology,Krish Seetah Bones Collection,item,3d,2,Accessioned,world,5,2,5,462 MB,484457451,
xf586zz1024,https://purl.stanford.edu/xf586zz1024,Tomb 3041,sup:3041,info:fedora/druid:sr199zw3981,Constructing the Sacred Media,Constructing the Sacred Archive,item,3d,6,Accessioned,world,5,5,5,965 KB,987789,
xr118tk8796,https://purl.stanford.edu/xr118tk8796,"Goat (Capra hircus), subadult female, axis",su:ANTH_goat_edu_10006_l,info:fedora/druid:fv454nq4574,3D Objects for Anthropology and Archaeology,Krish Seetah Bones Collection,item,3d,4,Accessioned,world,6,6,6,145 MB,151651805,
xr506vv1677,https://purl.stanford.edu/xr506vv1677,Anubieion,sup:Anubieion,info:fedora/druid:sr199zw3981,Constructing the Sacred Media,Constructing the Sacred Archive,item,3d,6,Accessioned,world,5,4,5,675 KB,691573,
xt250ts6381,https://purl.stanford.edu/xt250ts6381,"Bison (Bison bison), adult female, 5th thoracic vertebra",su:ANTH_bison_edu_10008_t,info:fedora/druid:fv454nq4574,3D Objects for Anthropology and Archaeology,Krish Seetah Bones Collection,item,3d,2,Accessioned,world,5,2,5,209 MB,219534041,
xt612jz3358,https://purl.stanford.edu/xt612jz3358,Tomb 3504,sup:3504,info:fedora/druid:sr199zw3981,Constructing the Sacred Media,Constructing the Sacred Archive,item,3d,6,Accessioned,world,5,5,5,77.1 MB,80804634,
xv568jm6669,https://purl.stanford.edu/xv568jm6669,Tomb of Hetepsekhemwy v1,sup:Hetepsekhemwy_v1,info:fedora/druid:sr199zw3981,Constructing the Sacred Media,Constructing the Sacred Archive,item,3d,6,Accessioned,world,6,5,6,670 KB,685823,
xw957nh9286,https://purl.stanford.edu/xw957nh9286,Amenenome (ST 101),sup:Amenenome_ST101,info:fedora/druid:sr199zw3981,Constructing the Sacred Media,Constructing the Sacred Archive,item,3d,6,Accessioned,world,7,4,7,2.69 MB,2815474,
yd114hp7160,https://purl.stanford.edu/yd114hp7160,"Bowl, wolf",su:SUAC_98.1084,info:fedora/druid:vg063qt4414,SUAC - in copyright 3D,Stanford University Archaeology Collections,item,3d,8,Accessioned,world,5,5,5,253 MB,264878528,
yf519ht4235,https://purl.stanford.edu/yf519ht4235,Figurine,su:SUAC_figurine_17215,info:fedora/druid:bt759px9146,SUAC - public domain,Stanford University Archaeology Collections,item,3d,6,Accessioned,world,5,5,5,329 MB,344859467,
yf903nm9030,https://purl.stanford.edu/yf903nm9030,"Sheep (Ovis aries), male, talus",su:ANTH_sheep_edu_10005_p,info:fedora/druid:fv454nq4574,3D Objects for Anthropology and Archaeology,Krish Seetah Bones Collection,item,3d,4,Accessioned,world,6,6,6,37.8 MB,39654270,
yg363gd9984,https://purl.stanford.edu/yg363gd9984,"Goat (Capra hircus), subadult female, mandible",su:ANTH_goat_edu_10006_p,info:fedora/druid:fv454nq4574,3D Objects for Anthropology and Archaeology,Krish Seetah Bones Collection,item,3d,4,Accessioned,world,6,6,6,146 MB,152647233,
yg868rb9329,https://purl.stanford.edu/yg868rb9329,"Bison (Bison bison), adult female, cranium",su:ANTH_bison_edu_10008_ao,info:fedora/druid:fv454nq4574,3D Objects for Anthropology and Archaeology,Krish Seetah Bones Collection,item,3d,2,Accessioned,world,5,2,5,227 MB,237579862,
yk477kd6355,https://purl.stanford.edu/yk477kd6355,Tomb 3 (of Loret),sup:Tomb3,info:fedora/druid:sr199zw3981,Constructing the Sacred Media,Constructing the Sacred Archive,item,3d,6,Accessioned,world,10,5,10,1.99 MB,2083933,
yk480fh8735,https://purl.stanford.edu/yk480fh8735,"Bison (Bison bison), adult female, 1st phalanx left (3)",su:ANTH_bison_edu_10008_bn,info:fedora/druid:fv454nq4574,3D Objects for Anthropology and Archaeology,Krish Seetah Bones Collection,item,3d,2,Accessioned,world,5,2,5,187 MB,196112813,
ym966gf9004,https://purl.stanford.edu/ym966gf9004,Monument of Khaemwaset,sup:Khaemwaset,info:fedora/druid:sr199zw3981,Constructing the Sacred Media,Constructing the Sacred Archive,item,3d,6,Accessioned,world,10,4,10,5.43 MB,5695645,
yp585rj4935,https://purl.stanford.edu/yp585rj4935,"Bison (Bison bison), adult female, right  metacarpal",su:ANTH_bison_edu_10008_ae,info:fedora/druid:fv454nq4574,3D Objects for Anthropology and Archaeology,Krish Seetah Bones Collection,item,3d,2,Accessioned,world,5,2,5,411 MB,430972700,
ys196pz7429,https://purl.stanford.edu/ys196pz7429,Pyramid of Djedkare-Isesi,sup:Djedkare_Isesi_Pyramid,info:fedora/druid:sr199zw3981,Constructing the Sacred Media,Constructing the Sacred Archive,item,3d,6,Accessioned,world,5,4,5,966 KB,989539,
yv152qk6685,https://purl.stanford.edu/yv152qk6685,Lepsius 29 (XXIX); Pyramid of Menkauhor?,sup:Lepsius29,info:fedora/druid:sr199zw3981,Constructing the Sacred Media,Constructing the Sacred Archive,item,3d,6,Accessioned,world,5,4,5,566 KB,579939,
yv286mt7093,https://purl.stanford.edu/yv286mt7093,"Zebra (Equus grevyi), male, 3rd carpal",su:ANTH_zebra_edu_10003_l,info:fedora/druid:fv454nq4574,3D Objects for Anthropology and Archaeology,Krish Seetah Bones Collection,item,3d,2,Accessioned,world,4,2,4,8.34 MB,8746184,
yv690gn5376,https://purl.stanford.edu/yv690gn5376,Vessel,su:SUAC_21108,info:fedora/druid:bt759px9146,SUAC - public domain,Stanford University Archaeology Collections,item,3d,6,Accessioned,world,5,5,5,248 MB,260503373,
yw027rm2056,https://purl.stanford.edu/yw027rm2056,Tomb of Bakenrenef,sup:Bakenrenef,info:fedora/druid:sr199zw3981,Constructing the Sacred Media,Constructing the Sacred Archive,item,3d,6,Accessioned,world,9,4,9,2.51 MB,2627588,
yy311wt3619,https://purl.stanford.edu/yy311wt3619,Blade,su:SUAC_20268,info:fedora/druid:bt759px9146,SUAC - public domain,Stanford University Archaeology Collections,item,3d,5,Accessioned,world,6,6,6,42.7 MB,44755918,
yz121bk3968,https://purl.stanford.edu/yz121bk3968,"Bison (Bison bison), adult female, 2nd phalanx right (4)",su:ANTH_bison_edu_10008_bv,info:fedora/druid:fv454nq4574,3D Objects for Anthropology and Archaeology,Krish Seetah Bones Collection,item,3d,2,Accessioned,world,5,2,5,227 MB,237906043,
yz587qz3251,https://purl.stanford.edu/yz587qz3251,"Bison (Bison bison), adult female, right scapula",su:ANTH_bison_edu_10008_i,info:fedora/druid:fv454nq4574,3D Objects for Anthropology and Archaeology,Krish Seetah Bones Collection,item,3d,2,Accessioned,world,5,2,5,355 MB,372592011,
zb618mg2201,https://purl.stanford.edu/zb618mg2201,Tomb of Nesdjehuty,sup:Nesdjehuty,info:fedora/druid:sr199zw3981,Constructing the Sacred Media,Constructing the Sacred Archive,item,3d,6,Accessioned,world,8,4,8,3.46 MB,3625833,
zc790ys2814,https://purl.stanford.edu/zc790ys2814,Pyramid of Pepy I,sup:Pepy1_Pyramid,info:fedora/druid:sr199zw3981,Constructing the Sacred Media,Constructing the Sacred Archive,item,3d,6,Accessioned,world,6,4,6,955 KB,978329,
zd693dd2396,https://purl.stanford.edu/zd693dd2396,"Bison (Bison bison), adult female, 3rd left rib",su:ANTH_bison_edu_10008_db,info:fedora/druid:fv454nq4574,3D Objects for Anthropology and Archaeology,Krish Seetah Bones Collection,item,3d,2,Accessioned,world,5,2,5,41.4 MB,43426417,
zf510bh5519,https://purl.stanford.edu/zf510bh5519,Point,su:SUAC_20064,info:fedora/druid:bt759px9146,SUAC - public domain,Stanford University Archaeology Collections,item,3d,4,Accessioned,world,5,5,5,209 MB,218687001,
zg927qy1207,https://purl.stanford.edu/zg927qy1207,Mortar,su:SUAC_mortar_15121,info:fedora/druid:bt759px9146,SUAC - public domain,Stanford University Archaeology Collections,item,3d,4,Accessioned,world,5,5,5,106 MB,110976721,
zk049nr1655,https://purl.stanford.edu/zk049nr1655,Serapeum Complex,sup:Serapeum_LP,info:fedora/druid:sr199zw3981,Constructing the Sacred Media,Constructing the Sacred Archive,item,3d,6,Accessioned,world,10,4,10,1020 KB,1040870,
zm495gd5240,https://purl.stanford.edu/zm495gd5240,"Sheep (Ovis aries), male, mandible",su:ANTH_sheep_edu_10005_b,info:fedora/druid:fv454nq4574,3D Objects for Anthropology and Archaeology,Krish Seetah Bones Collection,item,3d,4,Accessioned,world,6,6,6,145 MB,151941421,
zm507vz5926,https://purl.stanford.edu/zm507vz5926,Pyramid of Senwosret III,sup:SenwosretIII,info:fedora/druid:sr199zw3981,Constructing the Sacred Media,Constructing the Sacred Archive,item,3d,6,Accessioned,world,5,4,5,640 KB,655646,
zn140fz6607,https://purl.stanford.edu/zn140fz6607,Pyramid of Khendjer,sup:Khendjer_Pyramid,info:fedora/druid:sr199zw3981,Constructing the Sacred Media,Constructing the Sacred Archive,item,3d,6,Accessioned,world,10,5,10,3.07 MB,3219016,
zn345hp8304,https://purl.stanford.edu/zn345hp8304,Hoe,su:SUAC_6137,info:fedora/druid:bt759px9146,SUAC - public domain,Stanford University Archaeology Collections,item,3d,6,Accessioned,world,5,5,5,33.9 MB,35556792,
zn403xf0851,https://purl.stanford.edu/zn403xf0851,Mastaba of Ihy,sup:Ihy,info:fedora/druid:sr199zw3981,Constructing the Sacred Media,Constructing the Sacred Archive,item,3d,6,Accessioned,world,7,3,7,1.01 MB,1059262,
zp072km0162,https://purl.stanford.edu/zp072km0162,"Bison (Bison bison), adult female, sternum 5, 6, 7",su:ANTH_bison_edu_10008_bd,info:fedora/druid:fv454nq4574,3D Objects for Anthropology and Archaeology,Krish Seetah Bones Collection,item,3d,2,Accessioned,world,5,2,5,121 MB,126497078,
zp888rq6911,https://purl.stanford.edu/zp888rq6911,"Zebra (Equus grevyi), male, accessory carpal",su:ANTH_zebra_edu_10003_k,info:fedora/druid:fv454nq4574,3D Objects for Anthropology and Archaeology,Krish Seetah Bones Collection,item,3d,4,Accessioned,world,6,6,6,68.1 MB,71386737,
zq575vr8961,https://purl.stanford.edu/zq575vr8961,"Sheep (Ovis aries), male, atlas",su:ANTH_sheep_edu_10005_e,info:fedora/druid:fv454nq4574,3D Objects for Anthropology and Archaeology,Krish Seetah Bones Collection,item,3d,4,Accessioned,world,6,6,6,144 MB,151139574,
zr339jm9941,https://purl.stanford.edu/zr339jm9941,Tomb of Ninetjer v2,sup:Ninetjer_v2,info:fedora/druid:sr199zw3981,Constructing the Sacred Media,Constructing the Sacred Archive,item,3d,6,Accessioned,world,7,4,7,1.28 MB,1337857,
zy004bg9872,https://purl.stanford.edu/zy004bg9872,Core,su:SUAC_20362,info:fedora/druid:bt759px9146,SUAC - public domain,Stanford University Archaeology Collections,item,3d,4,Accessioned,world,6,6,6,36.1 MB,37875784,
zy553gq3495,https://purl.stanford.edu/zy553gq3495,Cleaver,su:SUAC_20005,info:fedora/druid:bt759px9146,SUAC - public domain,Stanford University Archaeology Collections,item,3d,5,Accessioned,world,5,5,5,455 MB,477288123,
